{
  "voice_features": {
    "avg_pitch": 180.9614532733261,
    "pitch_range": 252.05479452054794,
    "accent_signature": 1569.416739035476,
    "speaking_speed": 151.99908088235293,
    "voice_fingerprint": [
      -426.7322692871094,
      79.07831573486328,
      7.838373184204102,
      30.72995376586914,
      -8.628131866455078,
      3.8530354499816895,
      -11.027889251708984,
      -8.4983491897583,
      -3.1225075721740723,
      -7.6934309005737305,
      -1.7860208749771118,
      -6.279612064361572,
      -3.637495756149292
    ],
    "voice_power": 0.031974997371435165
  },
  "sample_rate": 22050,
  "clips_count": 15,
  "clone_quality": "high",
  "created_at": "2025-07-31 05:32:15"
}